Reaction,Log_K_25,Delta_H,A1,A2,A3,A4,A5,A6
1.000H4SiO4 - 2.000H2O = 1.000 SiO2,-0.2593,11.783,0.1095794,0.010612,4570.68,-4.3551,-721380,0
