Reaction,Log_K_25,Delta_H,A1,A2,A3,A4,A5,A6
2.0000 H2O + 1.0000 Al+++ = AlO2- +4.0000 H+ ,-22.9,181,10.8,-0.00344,-9740,0,0,0
1.000H4(SiO4) - 2.000H2O = 1.000 SiO2,-0.2593,11.783,0.1095794,0.010612,4570.68,-4.3551,-721380,0
